enterprise,business,solution,entrepreneur,latent,problem,funds,management,quality,projects
cooperative,financial,equation,humorist,physical_dependence,problems,funding,crm,reliability,programmes
non_profit,consumer,solutions,television_personality,systemic,calculation,expenses,managing,availability,technologies
high_tech,marketing,calculation,educator,compulsive,proof,payments,healthcare,flexibility,programs
subsidiary,firm,generalization,entertainer,retardation,solution,taxes,marketing,accuracy,improvements
corporation,financing,approximation,film_director,hydrocephalus,possibility,fees,information_technology,efficiency,facilities
information_technology,ownership,differential_equation,television_host,physiological_effects,argument,loans,monitoring,durability,infrastructure
telecommunications,management,quantity,perkins,low_dose,algorithm,compensation,insurance,productivity,businesses
lycos,funding,problem,philanthropist,prophylactic,error,payment,corporate,high_quality,vendors
software_development,banking,entropy,industrialist,sexual_abstinence,formulation,tax,banking,clarity,networks
retail,managing,molecule,film_producer,trigeminal,hypothesis,employment,finance,lack,initiatives
aerospace,investments,particle,poker_player,endocarditis,question,subsidies,consumer,ease,enhancements
marketing,private,special_case,soccer_player,severe_mental,difference,profits,health_care,performance,companies
industrial,corporate,formulation,physicist_nobel,fluidity,general_relativity,jobs,non_profit,capacity,libraries
facility,businesses,proof,inventor_d,psychiatric_disorders,special_relativity,donations,pricing,skill,enterprises
entertainment,insurance,equivalence,photographer,hypocalcemia,observation,revenue,social_security,sophistication,databases
financing,finance,acceleration,record_producer,bowel,contradiction,contracts,surveillance,visibility,innovations
networking,investment,mechanism,bryan,infective_endocarditis,conjecture,incentives,certification,costs,tasks
consortium,employment,hilbert_space,professional_wrestler,symptomatic,task,employees,maintenance,improving,financing
computer_hardware,real_estate,kinetic_energy,inventor_b,auditory,complexity,investors,financing,speed,markets
enterprises,firms,properties,figure_skater,ascomycetes,method,assistance,improving,consumer,sectors
commercial,retail,factor,psychologist,color_blindness,notion,fee,workplace,cost,industries
artificial_neural,health_care,capacitor,philanthropist_b,psychological_addiction,generalization,damages,telecommunications,excellent,financial_institutions
outsourcing,employees,dft,violinist,tendency_toward,quantum_mechanics,purchase,coordination,fitness,firms
organisation,jobs,proposition,j_rgen,benign,limitation,creditors,recruitment,content,agencies
networked,healthcare,special_relativity,athlete,antipsychotic,consistency,assets,consulting,creativity,search_engines
aviation,advertising,measure,leslie,neurotransmitter,approach,debt,call_centre,price,investments
web_hosting,commercial,algorithm,television_producer,somatic,halting_problem,debts,security,complexity,developments
clandestine,infrastructure,complement,radio_personality,physiologic,equation,grants,customer_service,bandwidth,developers
conglomerate,markets,proton,nigel,catatonic,difficulty,expenditures,securities,marketing,opportunities
real_estate,companies,determinant,filmmaker,suicidal_ideation,theoretical,investments,licensing,expertise,updates
consumer,fund,integrals,television_presenter,genital_modification,application,paying,planning,precision,incentives
projects,enterprises,method,race_car,degeneration,realization,taxation,dispute_resolution,long_term,providers
policing,welfare,calculations,zoologist,relaxation,probability,financing,macroeconomic,output,schemes
setting_up,education,equations,sports_broadcaster,dysfunction,explanation,insurance,cert,effectiveness,transactions
aeronautical,consulting,spacetime,illustrator,multicellular_organisms,solving,fund,darpa,disadvantages,websites
contractor,market,substance,political_activist,psychosis,fallacy,manpower,privacy,strength,jobs
banking,investors,measurable,film_maker,painless,calculations,businesses,financial,utilization,activities
distributed_computing,housing,subset,cullen,sexual_reproduction,experiment,costs,audit,benefits,installations
automotive,promotion,contradiction,cinematographer,bradycardia,mond,commissions,organizing,consistency,resources
mercantile,industry,consistency,economist_nobel,purification,situation,goods,software_development,simplicity,bbses
developer,managers,difference,basketball_player,developmental,flaw,provision,scheduling,visual,boards
management,private_sector,reaction,businessman,dizziness,objective,protection,allocation,sensitivity,enterprise
financial_services,employers,equilibrium,satirist,overactive,factor,bribes,privatization,consumption,platforms
infrastructure,privatization,topology,mayer,redox,expectation,pay,cooperative,amount,depots
bulletin_board,competitiveness,dimension,cartoonist,vocal_tract,acceleration,revenues,counseling,maneuverability,connections
overhaul,security,substitution,janice,lymphatic,procedure,securities,networking,stability,forums
commerce,non_profit,electron,jeremy,tachycardia,computation,agencies,educational,longevity,commissions
shipbuilding,lobbying,dynamical_system,journalist,transference,reasoning,budget,safety,advantages,outlets
streetcar,profit,transformation,shane,cognitive_behavioral,proposition,federal_government,equity,advantage,trades
programme,educational,yields,hockey_player,hypertension,phenomenon,shareholders,enhancement,rarity,web_sites
educational,opportunities,inertial_mass,allan,distorting,theorem,personnel,technical,throughput,inventions
coordinating,owners,function,naturalist,homeostatic,concept,money,social_welfare,skills,centres
integrated,customers,lie_algebra,political_cartoonist,withdrawal_symptoms,string_theory,services,grading,expectations,world_wide
audit,budgets,negation,computer_scientist,anxiety_disorder,methodology,approval,pensions,capability,applications
hub,enterprise,closure,phil,diethyl_ether,condition,savings,financial_services,consumers,clients
housing,hedge_fund,axiom,comedian,prophylaxis,uncertainty,financial_assistance,help_desk,interest_rate,capabilities
managing,venture_capital,fluid,screenwriter,intoxication,restriction,concessions,business,taste,project
corp,selling,vector,saxophonist,itching,approximation,benefits,charitable,minimal,scenarios
manufacturer,partnerships,momentum,activist,erectile,logical,tariffs,sigint,sheer,multinational_corporations
recruitment,domestic,halting_problem,football_manager,psychogenic,objection,requirements,public_health,profit,priorities
audiovisual,profits,denominator,oskar,autoimmunity,theory,sale,expertise,significantly_improved,merchandise
provider,state_owned,coefficient,quinn,more_subtle,principle,investment,accessibility,leisure,options
automated,curriculum,angular_momentum,eastman,antibacterial,proving,opportunities,real_estate,scarcity,ventures
nonprofit,sponsorship,reversible,ecologist,hallucinations,prediction,firms,advertising,risks,outsourcing
agency,donations,protein,jamie,excitotoxins,criterion,privileges,customer_relationship,overall,isps
airline,incentives,molecules,swimmer,myosin,correct,private_sector,hedge_fund,difficulty,contributors
planning,labor,inverse,elliott,acidosis,consensus,consumers,intellectual_property,low_cost,investors
advertising,prospects,hydrogen_atom,magnate,tensile,correctness,supplies,auditing,prices,publications
crm,consumers,quantities,mcgee,severe_cases,predictions,pensions,decision_making,integrity,challenges
consulting,buyers,deduction,natalie,methicillin,idea,regulations,dissemination,disadvantage,sites
manufacturing,buying,condition,comedian_b,deontology,solutions,employers,life_insurance,slower,attractions
cert,services,parameter,columnist,sexual_arousal,inequality,aid,welfare,marginal,newspapers
logistics,corporations,completeness,hirsch,causative,axiom,purchases,monetary,utility,investment
resource,lucrative,vacuum,sidney,deleterious,constraint,transfers,budgetary,premium,job_opportunities
nanotechnology,loans,nucleus,lefebvre,chemical_substances,results,import,fund,better,operating_systems
oversees,projects,redundancy,essayist,infantile,errors,benefit,rental,awareness,services
call_centre,entrepreneurs,chemical_reaction,cindy,wakefulness,finding,volunteers,automation,weight,kde
ict,improving,lattice,inventor,hyperparathyroidism,scenario,wages,implementing,refinement,careers
organizing,catering,fraction,football_player,physiologically,assumption,foreign_aid,exxonmobil,sellers,possibilities
aeronautics,revenue,mutation,jerry_lewis,modality,usefulness,exemption,governmental,commodity,private_sector
telecommunication,parastatal,function_f,dramatist,nonverbal,computations,profit,retail,handling,information_technology
automobile,customer,complexity,darren,biomedicine,difficulties,demand,funding,poor,planning
darpa,activities,electric_field,saunders,ischemia,outcome,demands,nanotechnology,profits,packages
corporate,programmes,linearity,archie,atrophy,conclusion,safety,utility,cheap,organizations
gaming,financial_services,solving,snooker_player,imprinted_genes,equivalence,provisions,erp,improvement,suppliers
public_transportation,consultants,general_relativity,suffragist,extreme_cases,entropy,oversight,usability,capabilities,real_estate
workshop,privatisation,normal_distribution,billionaire,sphincter,mechanism,royalties,employment,lacking,software_packages
collaborative,planning,modification,melvin,lability,trivial,rewards,organizational,enormous_amounts,government_agencies
fidonet,sales,lie_group,jung,defecation,calculus,rent,competitiveness,maintenance,documentation
help_desk,manufacturing,brownian_motion,alan,astringent,variance,income_tax,rehabilitation,adequate,scientific_research
developing,investing,curve,prize_laureate,chorionic,bias,wage,telecommunication,quantity,funding
modding,shareholders,application,highsmith,spontaneous,object,earnings,incentives,medium,distributors
multinational,workplace,particles,tycoon,gender_identity,differential_equation,foreign_investment,national_security,large_amounts,manufacturers
fund,information_technology,correction,american_journalist,vascular,practical,bills,logistics,unlimited,investigations
technological,commodity,constraint,karen,unconsciousness,paradigm,private_companies,law_enforcement,potential,privatization
supplier,professionals,electric_charge,hayes,delusions,answer,quota,peer,boost,hubs
programmes,transaction,bonding,coulter,implanting,disadvantage,initiatives,supervises,transparency,donors
humane_education,workforce,density,american_dancer,analgesia,paradox,recruitment,customer,distortion,proposals
think_tank,broadcasting,manifold,american_businessman,constriction,relativity,restrictions,enterprise,customer,arrangements
assistive_technology,programs,photon,psychiatrist,stress_disorder,transformation,pension,housing,expenditure,servers
